State,Month,Total Nonfarm,Mining and Logging,Construction,Manufacturing,"Trade, Transportation, and Utilities",Information,Financial Activities,Professional & Business Services,Education & Health Services,Leisure & Hospitality,Other Services,Government
Alabama,Jan,2087.5,9.9,96.2,269.7,383.4,21.0,97.7,253.3,252.7,209.1,99.7,394.8
Alabama,Feb,2086.5,9.9,95.0,270.7,383.6,20.7,97.8,253.2,252.3,209.1,99.7,394.5
Alabama,Mar,2077.7,9.6,94.0,270.8,382.4,20.4,97.8,252.5,252.0,204.2,99.2,394.8
Alabama,Apr,1839.7,9.9,89.4,232.6,351.0,18.9,95.9,220.0,224.8,128.1,83.8,385.3
Alabama,May,1886.0,9.9,90.6,242.7,362.3,18.7,95.9,224.7,230.8,150.8,87.5,372.1
Alabama,Jun,1930.5,9.8,92.1,253.7,371.8,18.7,95.9,229.6,231.9,167.0,90.9,369.1
Alabama,Jul,1956.6,9.6,91.4,255.9,373.4,18.8,96.0,237.3,233.5,171.4,91.4,377.9
Alabama,Aug,1969.9,9.5,91.0,257.0,375.5,18.9,96.4,240.1,234.0,173.2,90.5,383.8
Alabama,Sep,1980.1,9.5,91.0,258.7,376.9,18.9,96.0,243.3,234.3,175.2,90.5,385.8
Alabama,Oct,2000.0,9.4,94.7,259.4,377.6,19.0,96.5,248.7,237.4,181.0,90.7,385.6
Alabama,Nov,2009.0,9.4,95.0,261.4,378.9,18.9,96.8,251.5,236.3,185.2,91.1,384.5
Alabama,Dec,2012.5,9.5,96.4,260.6,379.1,18.8,97.0,250.4,237.2,188.8,91.3,383.4
Alaska,Jan,329.4,13.4,16.5,12.4,64.6,5.2,11.4,28.2,51.3,35.9,11.1,79.4
Alaska,Feb,329.8,13.4,16.6,13.0,64.3,5.1,11.4,28.2,51.3,36.1,11.1,79.3
Alaska,Mar,328.7,13.2,16.6,12.9,64.0,5.1,11.4,28.3,51.1,35.6,11.0,79.5
Alaska,Apr,284.5,11.9,14.3,11.2,56.8,4.7,10.5,25.0,45.6,21.4,8.5,74.6
Alaska,May,283.3,10.8,14.9,12.5,54.5,4.8,10.7,25.1,47.3,20.4,9.4,72.9
Alaska,Jun,284.2,10.5,15.3,12.3,54.8,4.8,10.2,25.0,48.5,20.4,9.7,72.7
Alaska,Jul,286.7,11.2,15.4,10.6,54.9,4.8,10.4,25.0,48.4,20.2,10.1,75.7
Alaska,Aug,290.8,10.8,15.8,10.2,55.4,4.8,10.5,25.1,48.9,20.4,9.9,79.0
Alaska,Sep,294.9,10.5,15.9,11.0,56.8,4.9,10.8,25.4,49.4,22.8,10.1,77.3
Alaska,Oct,304.4,10.3,17.0,12.0,58.9,4.8,10.5,26.4,49.8,27.0,10.1,77.6
Alaska,Nov,304.5,10.3,17.1,12.5,59.4,4.7,10.5,26.2,49.6,26.9,10.2,77.1
Alaska,Dec,304.1,10.2,17.1,13.6,59.0,4.7,10.6,26.4,49.2,26.1,10.2,77.0
Arizona,Jan,2988.5,13.1,175.5,180.4,552.9,49.8,233.2,451.8,479.6,337.0,94.9,420.3
Arizona,Feb,2993.1,12.8,176.3,180.4,553.4,49.8,233.7,451.5,477.4,338.2,94.7,424.9
Arizona,Mar,2976.2,12.9,175.5,180.7,553.8,49.4,233.8,449.4,475.4,327.5,94.2,423.6
Arizona,Apr,2661.6,12.6,169.7,174.1,507.6,43.4,229.1,413.6,430.6,191.6,74.3,415.0
Arizona,May,2745.4,12.6,171.7,174.8,522.0,43.3,230.2,425.8,443.0,230.5,80.6,410.9
Arizona,Jun,2805.4,11.9,172.2,175.0,540.2,43.0,231.0,425.9,451.5,265.3,84.9,404.5
Arizona,Jul,2807.7,11.8,171.4,173.2,545.6,43.3,231.6,421.5,455.2,254.4,87.5,412.2
Arizona,Aug,2825.9,11.9,172.5,174.5,551.5,43.6,231.8,424.0,454.5,254.0,88.8,418.8
Arizona,Sep,2838.1,12.0,172.9,175.2,555.9,45.2,232.4,423.5,456.6,263.6,89.5,411.3
Arizona,Oct,2850.5,12.1,173.9,175.2,559.2,44.7,231.9,425.7,461.3,272.2,89.1,405.2
Arizona,Nov,2862.2,12.2,176.9,175.8,565.5,44.3,232.6,424.6,462.7,275.0,89.1,403.5
Arizona,Dec,2860.3,12.4,172.4,176.4,565.8,43.8,231.4,426.1,464.7,276.6,89.3,401.4
Arkansas,Jan,1293.4,5.8,53.8,160.8,253.1,12.7,64.2,147.1,194.4,122.5,65.7,213.3
Arkansas,Feb,1292.4,5.6,53.4,160.8,252.5,12.6,64.3,145.1,195.3,122.9,66.5,213.4
Arkansas,Mar,1287.8,5.6,53.6,160.1,251.8,12.6,64.3,144.7,194.2,120.8,66.6,213.5
Arkansas,Apr,1165.2,5.5,51.8,149.8,233.8,11.4,63.0,129.3,176.8,75.1,62.4,206.3
Arkansas,May,1194.0,5.5,52.6,151.7,239.4,11.5,63.4,131.5,181.4,90.1,64.2,202.7
Arkansas,Jun,1217.9,5.5,52.4,152.2,244.7,11.4,63.5,134.2,183.9,99.6,64.3,206.2
Arkansas,Jul,1228.3,5.4,52.3,151.8,246.5,11.3,63.6,136.2,185.0,105.5,64.3,206.4
Arkansas,Aug,1236.4,5.4,52.7,152.8,247.1,11.4,63.7,136.8,185.9,105.0,64.6,211.0
Arkansas,Sep,1239.6,5.3,52.5,153.9,247.6,11.5,63.7,138.0,186.3,107.8,64.6,208.4
Arkansas,Oct,1245.4,5.3,53.7,153.9,252.5,11.5,63.8,139.1,186.3,108.1,65.3,205.9
Arkansas,Nov,1252.9,5.3,54.7,155.9,253.4,11.6,63.5,140.0,187.2,111.2,65.3,204.8
Arkansas,Dec,1257.5,5.3,54.4,156.7,253.7,11.5,63.6,142.5,187.9,111.6,65.1,205.2
California,Jan,17620.8,22.1,905.2,1327.6,3065.2,576.3,847.4,2758.2,2859.3,2055.5,588.6,2615.4
California,Feb,17660.9,22.3,913.3,1327.8,3067.0,581.1,848.8,2771.3,2862.5,2058.2,593.3,2615.3
California,Mar,17484.1,22.3,893.3,1322.7,3053.7,581.2,846.0,2733.9,2855.0,1984.7,579.5,2611.8
California,Apr,14946.1,20.4,738.6,1206.4,2630.2,510.0,800.2,2473.7,2578.1,1072.7,395.3,2520.5
California,May,15132.7,19.0,827.3,1227.2,2661.8,507.8,801.8,2506.1,2617.9,1120.3,410.7,2432.8
California,Jun,15611.7,18.6,849.5,1248.5,2822.1,501.6,802.7,2523.4,2685.9,1309.6,437.6,2412.2
California,Jul,15664.6,18.7,838.3,1240.6,2841.5,505.9,802.4,2527.4,2700.6,1304.2,445.8,2439.2
California,Aug,15757.8,19.0,842.5,1245.3,2882.4,508.3,804.2,2536.3,2715.5,1300.3,426.0,2478.0
California,Sep,15874.1,18.8,845.1,1248.3,2909.6,508.5,806.1,2549.2,2723.8,1350.8,449.8,2464.1
California,Oct,15963.4,18.8,859.7,1247.0,2922.8,516.9,809.0,2577.8,2716.5,1404.9,456.6,2433.4
California,Nov,16013.3,18.9,858.1,1248.1,2939.4,518.5,811.7,2591.0,2727.9,1432.9,450.9,2415.9
California,Dec,15937.9,18.5,881.1,1246.9,2941.6,522.0,810.0,2611.1,2734.8,1326.7,441.8,2403.4
Colorado,Jan,2819.5,26.5,179.9,151.4,482.7,78.0,175.8,446.9,354.2,347.1,115.6,461.4
Colorado,Feb,2819.0,26.2,179.3,151.6,482.6,78.0,176.1,447.5,353.9,346.9,115.7,461.2
Colorado,Mar,2806.7,25.9,179.6,150.8,482.4,78.0,176.0,447.6,351.4,338.1,115.0,461.9
Colorado,Apr,2443.2,23.9,168.3,140.2,432.0,74.7,169.4,414.0,307.8,175.8,89.5,447.6
Colorado,May,2519.8,21.6,175.7,143.2,445.4,74.5,169.7,423.2,323.9,209.8,98.7,434.1
Colorado,Jun,2565.5,20.5,174.5,144.5,457.3,73.7,169.6,424.0,330.2,239.8,102.0,429.4
Colorado,Jul,2593.1,19.7,172.9,145.6,463.8,73.0,170.2,422.6,333.7,257.1,103.3,431.2
Colorado,Aug,2619.2,19.5,172.7,146.0,468.2,73.1,171.1,424.6,336.6,266.9,105.4,435.1
Colorado,Sep,2639.0,19.5,171.9,146.4,472.0,74.4,172.0,426.2,339.0,276.7,107.0,433.9
Colorado,Oct,2651.7,19.4,173.6,146.0,476.6,73.0,172.8,427.9,339.8,282.1,107.4,433.1
Colorado,Nov,2647.9,19.4,173.6,145.9,478.4,73.2,173.8,430.2,339.2,275.6,107.5,431.1
Colorado,Dec,2626.7,19.2,173.2,145.4,483.4,73.1,174.3,434.7,338.2,244.8,107.5,432.9
Connecticut,Jan,1698.0,0.6,58.8,160.8,293.9,31.4,122.9,219.4,350.8,157.6,65.6,236.2
Connecticut,Feb,1696.3,0.6,59.3,160.9,293.2,31.4,122.8,216.8,351.6,158.2,65.7,235.8
Connecticut,Mar,1683.3,0.6,59.8,160.1,293.1,31.3,122.5,217.8,348.8,150.7,64.2,234.4
Connecticut,Apr,1403.9,0.5,49.5,148.2,238.4,28.6,119.4,195.8,300.5,67.4,42.4,213.2
Connecticut,May,1437.5,0.5,53.3,150.6,246.9,28.4,119.0,198.4,306.9,76.4,45.8,211.3
Connecticut,Jun,1490.9,0.5,55.5,151.9,265.4,28.2,118.4,198.5,313.7,90.0,52.5,216.3
Connecticut,Jul,1525.0,0.5,56.2,151.3,274.1,28.2,118.6,200.6,317.3,105.1,54.6,218.5
Connecticut,Aug,1549.5,0.5,56.6,151.5,278.7,28.2,119.1,201.9,322.3,114.0,55.4,221.3
Connecticut,Sep,1569.2,0.5,57.2,152.0,282.8,28.6,119.1,203.2,323.4,120.7,56.8,224.9
Connecticut,Oct,1577.7,0.5,56.8,151.4,287.0,29.0,120.1,203.5,324.2,121.9,57.9,225.4
Connecticut,Nov,1575.4,0.5,56.4,151.6,288.4,29.2,119.3,204.2,324.0,119.7,56.9,225.2
Connecticut,Dec,1570.8,0.5,56.7,152.9,287.5,29.2,119.8,203.6,323.0,118.9,57.6,221.1
Delaware,Jan,467.9,23.5,27.3,80.7,3.9,47.8,64.6,81.4,52.8,18.8,67.1,
Delaware,Feb,468.0,23.3,27.0,80.8,3.9,47.7,64.6,81.7,52.8,18.8,67.4,
Delaware,Mar,465.2,23.2,27.1,80.4,3.9,47.6,64.6,81.5,50.7,18.8,67.4,
Delaware,Apr,399.3,20.7,24.0,68.7,3.6,46.9,59.8,72.6,25.9,12.9,64.2,
Delaware,May,403.8,21.4,24.7,69.5,3.6,47.1,61.0,73.5,26.2,13.9,62.9,
Delaware,Jun,424.0,21.8,25.2,75.1,3.7,46.9,60.8,75.5,35.4,15.5,64.1,
Delaware,Jul,433.1,22.1,25.5,77.3,3.6,47.1,61.0,76.7,38.5,16.2,65.1,
Delaware,Aug,437.8,22.3,25.3,77.8,3.5,47.2,61.3,77.7,39.3,16.5,66.9,
Delaware,Sep,441.9,22.3,25.2,79.0,3.6,47.5,61.5,77.8,42.2,16.6,66.2,
Delaware,Oct,444.4,22.4,25.3,81.3,3.6,46.8,61.1,78.1,44.0,16.5,65.3,
Delaware,Nov,442.1,22.6,25.2,80.8,3.6,46.8,60.0,77.9,44.1,16.2,64.9,
Delaware,Dec,442.3,22.5,25.2,81.9,3.5,46.5,60.6,77.7,43.6,15.9,64.9,
District of Columbia,Jan,804.7,15.3,1.3,33.3,20.6,29.9,174.4,131.4,82.5,77.9,238.1,
District of Columbia,Feb,803.4,15.7,1.2,33.1,20.7,29.8,174.5,130.1,82.3,77.9,238.1,
District of Columbia,Mar,798.3,15.5,1.2,33.1,20.8,29.8,174.4,130.1,77.2,77.9,238.3,
District of Columbia,Apr,720.8,13.7,0.9,26.3,19.7,29.1,165.1,124.4,31.3,72.8,237.5,
District of Columbia,May,718.2,14.1,0.9,26.5,19.6,29.0,164.1,122.7,32.3,71.7,237.3,
District of Columbia,Jun,720.2,14.5,1.0,26.8,19.4,28.8,162.0,123.2,34.9,71.6,238.0,
District of Columbia,Jul,725.6,14.9,1.0,27.9,19.5,28.6,164.6,122.8,36.7,72.1,237.5,
District of Columbia,Aug,734.0,15.3,1.0,28.1,19.6,28.8,164.7,123.1,38.0,72.3,243.1,
District of Columbia,Sep,735.4,15.4,1.0,28.2,19.6,28.9,164.8,123.0,38.9,72.6,243.0,
District of Columbia,Oct,736.4,15.5,1.0,28.8,19.5,28.4,164.6,122.9,39.9,71.9,243.9,
District of Columbia,Nov,733.6,15.5,1.0,29.1,19.4,27.9,163.9,122.2,40.3,71.8,242.5,
District of Columbia,Dec,733.9,15.7,1.0,29.3,19.2,27.9,164.2,122.9,39.4,71.6,242.7,
Florida,Jan,9063.0,5.5,575.3,389.0,1821.2,138.7,603.0,1403.4,1364.8,1274.9,355.3,1133.4
Florida,Feb,9072.1,5.5,577.2,389.3,1817.5,138.6,603.9,1408.2,1368.9,1276.5,355.0,1132.6
Florida,Mar,8999.4,5.4,573.7,387.7,1812.8,137.9,602.1,1399.7,1362.2,1239.2,350.2,1130.6
Florida,Apr,7802.9,5.4,538.9,361.5,1604.1,126.2,577.9,1273.8,1227.1,707.4,273.9,1107.4
Florida,May,8050.9,5.5,557.8,369.4,1653.1,125.9,580.6,1302.0,1266.2,783.4,296.0,1110.6
Florida,Jun,8339.9,5.4,563.9,372.8,1721.3,125.9,586.1,1323.7,1296.4,915.4,313.1,1115.0
Florida,Jul,8399.6,5.4,558.7,371.9,1732.5,126.4,588.9,1338.6,1297.8,944.7,313.1,1119.6
Florida,Aug,8399.5,5.4,558.7,372.7,1741.6,126.4,591.1,1354.1,1296.1,944.3,313.5,1093.9
Florida,Sep,8460.8,5.4,557.9,373.7,1753.8,129.8,593.2,1355.3,1300.9,964.5,317.3,1108.4
Florida,Oct,8473.8,5.3,559.1,376.5,1750.5,128.8,593.5,1355.1,1304.4,988.0,320.9,1091.6
Florida,Nov,8474.6,5.4,558.6,378.4,1740.0,127.0,594.0,1355.7,1307.4,1000.2,321.5,1086.4
Florida,Dec,8492.0,5.5,561.9,379.2,1742.4,127.2,597.6,1366.2,1306.1,1000.6,322.0,1083.3
Georgia,Jan,4663.2,9.5,207.9,404.3,951.9,118.6,254.5,730.4,616.3,507.1,168.7,694.0
Georgia,Feb,4666.5,9.6,208.3,404.5,951.7,120.1,255.0,730.1,616.9,508.2,168.4,693.7
Georgia,Mar,4637.0,9.6,208.2,403.3,949.6,120.6,254.9,726.6,615.3,487.5,167.4,694.0
Georgia,Apr,4057.0,9.5,196.6,359.5,860.6,103.8,247.4,650.0,546.0,285.0,121.6,677.0
Georgia,May,4185.3,9.6,197.7,371.2,881.2,103.0,247.6,662.8,564.4,341.2,137.3,669.3
Georgia,Jun,4296.2,9.6,198.5,378.6,908.2,102.0,247.9,670.8,577.0,386.1,143.5,674.0
Georgia,Jul,4322.6,9.4,198.8,378.2,912.1,102.9,248.0,674.7,577.0,393.1,146.6,681.8
Georgia,Aug,4360.1,9.4,199.4,380.5,920.2,102.7,248.6,684.6,581.8,400.8,148.5,683.6
Georgia,Sep,4383.8,9.3,200.1,382.7,926.6,108.5,248.7,687.2,584.4,408.7,150.3,677.3
Georgia,Oct,4408.7,9.3,199.4,384.4,932.1,110.0,250.9,694.6,586.9,415.2,150.7,675.2
Georgia,Nov,4426.1,9.4,200.7,384.8,945.2,109.4,250.9,698.9,587.8,417.9,150.2,670.9
Georgia,Dec,4449.8,9.5,200.2,389.2,947.2,110.5,252.7,704.2,589.1,425.6,150.4,671.2
Hawaii,Jan,662.3,37.3,13.8,126.4,8.8,30.0,75.0,88.3,127.6,28.4,126.7,
Hawaii,Feb,662.3,37.3,13.7,125.8,9.7,30.0,74.8,88.0,127.6,28.4,127.0,
Hawaii,Mar,655.2,36.9,13.7,125.0,8.2,29.8,74.4,87.2,124.7,27.9,127.4,
Hawaii,Apr,509.8,34.3,10.5,95.8,6.6,27.0,62.3,76.3,59.8,21.2,116.0,
Hawaii,May,509.2,36.7,11.2,94.5,6.8,26.8,64.0,79.3,56.1,21.4,112.4,
Hawaii,Jun,526.9,36.9,11.5,98.3,6.6,26.7,64.0,81.4,62.7,22.4,116.4,
Hawaii,Jul,529.8,35.4,11.5,98.2,6.5,26.5,62.4,82.4,59.0,22.7,125.2,
Hawaii,Aug,527.1,35.8,11.4,98.3,6.3,26.3,62.4,81.2,58.6,22.7,124.1,
Hawaii,Sep,510.4,35.6,11.2,94.5,6.5,26.1,62.2,80.3,52.4,20.8,120.8,
Hawaii,Oct,522.3,35.3,11.1,98.9,6.7,26.3,63.1,80.7,61.0,20.3,118.9,
Hawaii,Nov,532.7,35.3,11.2,100.0,6.4,26.1,64.0,81.0,69.3,21.0,118.4,
Hawaii,Dec,541.7,36.0,11.2,100.9,6.3,26.4,65.0,81.5,75.0,22.5,116.9,
Idaho,Jan,772.6,3.8,54.8,69.0,147.2,8.0,37.1,99.5,114.5,84.5,26.9,127.3
Idaho,Feb,773.4,3.8,55.0,69.1,147.1,8.0,37.2,99.8,114.5,84.8,26.8,127.3
Idaho,Mar,772.9,3.8,55.5,69.1,147.2,7.9,37.2,99.8,114.5,83.6,26.8,127.5
Idaho,Apr,693.8,3.8,53.1,65.6,134.6,6.8,36.3,94.7,104.4,50.6,22.6,121.3
Idaho,May,718.8,3.7,55.3,66.6,140.3,7.1,36.6,97.1,108.0,61.8,23.9,118.4
Idaho,Jun,739.4,3.6,55.5,67.3,144.0,7.2,37.0,97.8,110.4,72.6,24.9,119.1
Idaho,Jul,752.3,3.6,55.5,67.5,146.1,7.4,37.2,98.3,111.1,75.0,25.4,125.2
Idaho,Aug,760.2,3.6,55.9,68.0,147.5,7.4,37.7,98.8,112.9,76.3,25.6,126.5
Idaho,Sep,762.6,3.7,56.2,68.2,148.5,7.5,37.9,99.4,112.3,77.9,25.7,125.3
Idaho,Oct,765.7,3.7,56.2,68.5,149.2,7.2,38.4,100.3,111.1,81.0,25.4,124.7
Idaho,Nov,771.4,3.8,57.1,69.4,151.5,7.3,38.8,100.9,110.9,81.6,25.6,124.5
Idaho,Dec,776.4,3.7,57.6,69.7,153.7,7.0,39.0,100.8,112.0,83.4,25.4,124.1
Illinois,Jan,6151.8,7.7,229.5,580.7,1206.2,93.7,414.2,948.2,948.7,628.8,257.4,836.7
Illinois,Feb,6142.8,7.7,228.1,580.6,1206.2,93.7,414.9,946.5,949.8,629.9,257.7,827.7
Illinois,Mar,6090.7,7.7,224.7,578.2,1202.2,93.2,414.7,940.0,945.8,602.7,253.7,827.8
Illinois,Apr,5318.6,6.8,199.0,532.4,1071.4,86.3,403.1,853.9,849.7,328.5,204.6,782.9
Illinois,May,5329.8,6.7,207.4,537.1,1080.9,85.8,402.3,856.3,850.6,333.7,208.4,760.6
Illinois,Jun,5435.0,6.6,211.8,547.4,1123.9,85.6,400.7,857.3,867.5,366.6,224.0,743.6
Illinois,Jul,5563.0,6.3,213.9,545.6,1156.7,85.1,402.3,861.5,873.3,431.4,229.9,757.0
Illinois,Aug,5635.6,6.4,214.2,548.9,1163.2,84.1,403.9,867.2,880.0,448.1,232.9,786.7
Illinois,Sep,5655.6,6.4,213.7,551.1,1166.8,86.0,406.0,868.0,883.5,458.5,235.0,780.6
Illinois,Oct,5665.8,6.5,215.7,548.8,1166.4,85.1,406.4,880.0,883.0,461.4,233.6,778.9
Illinois,Nov,5646.5,6.5,218.7,546.6,1171.5,85.1,402.8,891.4,881.6,437.0,233.1,772.2
Illinois,Dec,5637.3,6.6,222.7,548.4,1174.9,85.0,403.6,906.3,883.2,407.1,232.1,767.4
Indiana,Jan,3165.7,6.2,148.7,536.9,598.9,28.4,143.0,347.0,484.1,316.0,128.6,427.9
Indiana,Feb,3163.8,6.0,149.1,536.0,599.1,28.4,143.5,347.4,481.5,315.6,128.8,428.4
Indiana,Mar,3138.4,5.9,147.8,533.7,598.9,28.1,142.7,344.9,478.9,304.4,125.5,427.6
Indiana,Apr,2664.5,5.1,132.7,421.4,542.3,25.3,137.8,297.8,435.0,178.0,84.5,404.6
Indiana,May,2785.7,5.1,137.0,461.7,564.3,25.2,138.2,303.9,447.7,208.3,94.6,399.7
Indiana,Jun,2902.6,5.1,140.0,498.7,583.3,25.3,138.0,312.5,454.5,241.6,106.1,397.5
Indiana,Jul,2970.1,5.1,142.1,504.2,588.9,24.8,139.4,319.4,460.4,260.3,109.3,416.2
Indiana,Aug,2992.3,5.1,143.3,508.7,593.1,24.9,139.7,323.5,461.9,264.8,111.1,416.2
Indiana,Sep,2999.8,5.1,144.6,511.1,595.4,25.3,139.6,323.6,461.9,268.6,112.0,412.6
Indiana,Oct,3013.7,5.1,146.3,514.2,600.9,24.9,139.2,328.4,461.0,272.4,112.1,409.2
Indiana,Nov,3017.2,5.2,149.0,517.1,601.2,24.5,139.9,328.8,460.0,272.1,113.1,406.3
Indiana,Dec,3024.8,5.1,150.3,519.5,605.1,23.6,141.0,333.9,461.3,270.7,112.6,401.7
Iowa,Jan,1593.8,2.4,80.6,224.3,311.2,20.7,110.1,140.3,236.6,144.9,58.7,264.0
Iowa,Feb,1590.9,2.3,79.6,224.2,309.8,20.5,110.3,140.0,237.3,145.2,58.3,263.4
Iowa,Mar,1584.3,2.3,79.6,223.4,309.3,20.5,110.2,140.0,236.1,141.4,57.6,263.9
Iowa,Apr,1412.5,2.2,74.6,212.9,281.6,18.7,108.3,129.6,207.6,78.3,48.5,250.2
Iowa,May,1421.2,2.2,76.1,211.9,288.0,18.4,108.3,130.4,208.1,88.9,51.3,237.6
Iowa,Jun,1460.1,2.2,75.5,212.1,295.5,18.6,108.5,130.6,216.4,107.8,53.2,239.7
Iowa,Jul,1486.7,2.3,75.2,212.9,298.4,18.7,108.8,132.3,220.8,116.5,54.1,246.7
Iowa,Aug,1491.0,2.3,75.1,213.2,298.8,18.6,109.0,131.5,221.0,116.6,54.6,250.3
Iowa,Sep,1502.1,2.3,73.8,214.4,301.7,18.7,109.4,132.2,221.3,119.5,55.1,253.7
Iowa,Oct,1512.7,2.4,77.1,216.2,305.4,18.7,110.2,134.6,220.8,119.7,55.4,252.2
Iowa,Nov,1509.0,2.4,76.5,216.0,304.7,18.4,109.8,134.7,220.6,119.6,55.0,251.3
Iowa,Dec,1513.4,2.4,77.9,218.2,308.2,18.5,109.6,136.4,220.6,117.7,55.2,248.7
Kansas,Jan,1431.1,6.6,64.5,171.5,267.0,18.2,78.2,176.2,204.9,130.7,51.5,261.8
Kansas,Feb,1428.8,6.5,64.9,170.4,267.1,18.2,78.2,175.7,205.2,130.9,51.6,260.1
Kansas,Mar,1421.9,6.4,64.8,170.7,266.8,18.1,78.0,174.9,203.6,127.3,51.3,260.0
Kansas,Apr,1270.8,5.9,60.8,152.5,242.9,16.6,76.4,160.7,188.2,75.2,42.5,249.1
Kansas,May,1301.7,5.9,62.6,152.5,249.4,16.6,76.5,163.7,193.2,92.1,45.1,244.1
Kansas,Jun,1326.9,5.7,62.7,151.0,257.2,16.6,76.4,165.3,195.8,104.4,47.6,244.2
Kansas,Jul,1345.9,5.6,62.6,154.6,259.6,16.4,76.5,166.3,196.9,108.1,48.5,250.8
Kansas,Aug,1358.6,5.6,62.9,157.1,261.4,16.4,76.6,168.4,198.2,109.4,49.1,253.5
Kansas,Sep,1354.8,5.5,62.7,156.9,262.4,16.5,76.6,168.0,197.8,111.2,48.9,248.3
Kansas,Oct,1357.8,5.5,63.5,157.0,262.8,16.7,77.0,169.1,197.6,112.4,48.7,247.5
Kansas,Nov,1356.1,5.6,63.5,157.2,262.9,16.5,77.2,169.0,197.5,111.3,48.6,246.8
Kansas,Dec,1354.7,5.7,64.6,157.0,263.4,16.5,76.9,170.3,196.5,109.9,48.5,245.4
Kentucky,Jan,1956.5,9.1,82.0,251.2,405.6,21.6,94.5,217.1,290.7,205.2,68.4,311.1
Kentucky,Feb,1957.0,8.7,81.3,250.7,405.7,21.6,94.6,218.0,290.8,204.8,68.7,312.1
Kentucky,Mar,1945.3,8.4,81.1,249.1,405.6,21.5,95.3,217.6,290.3,197.1,68.5,310.8
Kentucky,Apr,1662.1,6.5,74.2,205.0,364.7,19.5,90.4,187.9,250.9,112.5,52.5,298.0
Kentucky,May,1692.2,7.0,74.9,208.9,375.7,19.4,90.5,191.0,257.4,121.8,53.7,291.9
Kentucky,Jun,1782.4,7.2,75.4,232.5,390.6,19.6,91.4,199.0,264.7,151.0,59.9,291.1
Kentucky,Jul,1810.3,7.2,75.5,235.1,394.7,19.6,91.8,203.5,271.4,162.5,60.9,288.1
Kentucky,Aug,1834.2,7.4,76.2,236.3,397.4,19.8,92.1,206.8,272.5,164.0,60.7,301.0
Kentucky,Sep,1842.6,7.3,76.6,238.4,400.5,20.0,92.2,208.2,275.1,168.2,61.3,294.8
Kentucky,Oct,1856.7,7.3,79.6,239.1,398.9,20.5,93.1,210.7,276.0,173.0,61.4,297.1
Kentucky,Nov,1856.5,7.3,78.5,240.6,401.6,20.2,94.0,211.3,275.6,169.5,61.8,296.1
Kentucky,Dec,1841.8,7.4,79.0,242.1,404.5,20.0,94.0,209.1,277.2,158.2,61.3,289.0
Louisiana,Jan,1992.2,34.9,136.4,137.6,378.6,23.1,93.9,217.0,325.8,238.9,73.7,332.3
Louisiana,Feb,1993.5,35.2,137.0,138.1,377.9,22.6,94.1,218.2,326.8,238.6,73.9,331.1
Louisiana,Mar,1971.1,34.8,133.3,137.8,375.7,21.2,93.8,215.0,326.4,229.7,72.5,330.9
Louisiana,Apr,1709.6,32.0,113.5,131.1,336.9,16.2,89.6,192.5,294.3,132.8,54.0,316.7
Louisiana,May,1732.8,30.6,113.8,130.0,342.8,16.3,88.9,194.1,299.2,147.5,58.1,311.5
Louisiana,Jun,1770.1,29.5,114.4,129.5,352.6,16.2,88.8,196.2,303.7,167.8,63.0,308.4
Louisiana,Jul,1791.0,29.1,114.3,128.9,355.9,16.3,88.9,198.0,306.0,174.2,64.4,315.0
Louisiana,Aug,1807.3,28.7,115.2,128.4,358.1,17.2,89.1,200.3,306.4,179.0,65.6,319.3
Louisiana,Sep,1803.3,28.6,116.3,128.6,358.2,17.9,89.5,201.7,304.8,176.4,65.3,316.0
Louisiana,Oct,1818.6,28.0,117.8,128.2,361.0,17.9,86.7,203.6,308.9,188.3,65.5,312.7
Louisiana,Nov,1830.7,29.2,118.0,128.5,363.8,17.5,86.3,204.4,311.2,194.5,65.6,311.7
Louisiana,Dec,1834.6,28.8,118.2,130.1,363.9,17.4,86.4,204.0,311.9,195.0,65.4,313.5
Maine,Jan,641.0,2.1,30.5,53.9,119.2,7.0,33.4,70.1,129.7,70.2,22.4,102.5
Maine,Feb,640.0,2.1,30.7,53.8,118.1,7.0,33.2,70.1,129.8,70.6,22.5,102.1
Maine,Mar,636.6,2.1,30.6,53.6,118.0,6.9,33.3,69.8,129.3,68.5,22.4,102.1
Maine,Apr,545.4,2.1,28.4,45.8,101.0,6.2,32.3,64.7,116.6,34.8,17.0,96.5
Maine,May,557.8,2.3,29.2,49.2,104.2,6.1,32.2,65.8,119.4,38.0,18.5,92.9
Maine,Jun,567.8,2.0,29.5,49.5,108.1,6.1,32.2,66.1,122.0,39.0,19.1,94.2
Maine,Jul,576.7,2.1,29.8,46.6,109.8,6.0,32.3,67.1,123.2,41.7,19.7,98.4
Maine,Aug,585.7,2.1,30.1,46.9,111.0,6.2,32.4,67.4,124.4,45.6,20.1,99.5
Maine,Sep,599.8,2.1,30.1,51.7,112.8,6.2,32.7,67.9,125.3,52.0,20.5,98.5
Maine,Oct,600.9,2.1,30.1,52.2,113.2,6.2,32.8,68.1,125.2,54.0,20.7,96.3
Maine,Nov,602.1,2.2,30.4,52.3,113.1,6.3,32.6,68.6,125.1,54.9,20.5,96.1
Maine,Dec,601.2,2.2,30.7,52.7,113.4,6.5,32.7,68.8,125.3,53.9,20.8,94.2
Maryland,Jan,2779.7,168.8,113.0,472.0,35.9,142.5,462.8,476.7,284.4,114.6,509.0,
Maryland,Feb,2779.0,168.7,112.8,472.8,35.9,142.1,460.7,477.5,284.1,114.5,509.9,
Maryland,Mar,2749.7,167.5,112.4,471.7,35.6,141.4,458.3,471.1,271.0,111.9,508.8,
Maryland,Apr,2379.0,152.4,104.7,405.2,32.1,135.2,423.9,413.1,134.1,85.1,493.2,
Maryland,May,2408.4,157.3,105.3,409.0,31.8,135.2,429.3,419.8,139.5,89.5,491.7,
Maryland,Jun,2456.5,159.1,106.4,427.2,31.6,135.2,430.5,425.8,162.8,95.6,482.3,
Maryland,Jul,2527.1,159.5,106.4,442.3,32.1,135.2,430.4,427.8,193.0,98.5,501.9,
Maryland,Aug,2542.8,159.2,106.7,443.1,32.1,135.0,432.7,432.7,198.0,99.7,503.6,
Maryland,Sep,2563.9,160.4,107.5,450.5,32.2,135.4,435.9,434.6,210.3,101.3,495.8,
Maryland,Oct,2586.5,161.2,107.9,452.5,32.1,135.6,439.6,441.3,217.7,101.6,497.0,
Maryland,Nov,2602.7,161.5,109.1,458.4,31.2,136.1,443.2,446.1,222.9,101.3,492.9,
Maryland,Dec,2603.9,163.6,109.8,460.2,31.1,135.7,448.1,446.9,217.0,101.3,490.2,
Massachusetts,Jan,3726.0,1.0,165.2,243.1,580.4,94.6,223.0,612.6,822.2,382.3,141.4,460.2
Massachusetts,Feb,3733.4,1.0,166.4,243.1,579.6,94.5,222.9,612.7,827.2,383.3,141.6,461.1
Massachusetts,Mar,3699.4,1.0,166.2,242.5,578.0,94.6,222.5,610.7,820.4,361.9,138.2,463.4
Massachusetts,Apr,3041.5,0.9,114.7,215.8,464.8,89.2,214.1,557.6,708.0,158.0,86.2,432.2
Massachusetts,May,3090.4,1.1,129.4,219.3,468.3,88.4,214.4,565.7,709.9,174.7,92.8,426.4
Massachusetts,Jun,3164.7,1.0,146.6,223.9,492.8,87.2,213.3,565.1,722.3,187.1,97.6,427.8
Massachusetts,Jul,3248.5,1.0,150.3,225.0,511.3,86.2,214.1,567.4,735.1,220.7,103.6,433.8
Massachusetts,Aug,3318.8,1.0,153.9,227.0,520.7,85.5,214.8,571.7,750.8,238.9,106.3,448.2
Massachusetts,Sep,3341.0,1.0,155.5,228.2,527.6,86.1,215.4,574.0,748.8,259.3,113.0,432.1
Massachusetts,Oct,3345.6,1.0,156.1,228.8,536.9,86.9,216.5,574.7,746.0,259.6,113.5,425.6
Massachusetts,Nov,3365.0,1.0,159.8,229.8,545.4,86.7,216.4,577.4,746.9,263.6,113.9,424.1
Massachusetts,Dec,3356.3,1.0,161.8,230.2,549.6,86.2,216.3,583.0,740.3,255.0,113.5,419.4
Michigan,Jan,4449.2,7.0,176.5,620.9,797.3,55.3,228.1,652.9,691.7,434.4,166.9,618.2
Michigan,Feb,4452.9,6.9,177.3,619.2,798.4,55.4,229.6,654.2,692.3,435.5,167.2,616.9
Michigan,Mar,4414.7,6.9,177.9,617.1,794.6,55.2,228.6,649.9,685.7,418.3,164.8,615.7
Michigan,Apr,3397.6,6.1,106.6,415.6,636.2,48.8,215.7,506.5,582.1,193.5,113.8,572.7
Michigan,May,3520.8,5.8,146.5,441.8,668.1,48.0,215.8,522.6,583.2,212.3,119.0,557.7
Michigan,Jun,3858.3,6.1,162.6,550.9,718.1,48.7,218.3,564.9,613.1,280.4,130.8,564.4
Michigan,Jul,3984.4,6.5,166.1,565.8,744.4,48.6,220.4,588.8,626.4,307.7,139.3,570.4
Michigan,Aug,4043.5,6.5,170.4,568.2,752.3,48.9,222.8,593.5,635.0,318.4,142.1,585.4
Michigan,Sep,4081.9,6.5,172.1,572.1,761.8,49.2,225.1,599.8,640.1,336.4,144.8,574.0
Michigan,Oct,4094.4,6.6,173.1,570.3,762.9,49.1,225.8,606.3,642.0,341.9,144.1,572.3
Michigan,Nov,4095.7,6.7,174.7,571.9,765.5,49.1,224.5,609.0,641.0,339.4,145.8,568.1
Michigan,Dec,4027.9,6.9,175.0,572.2,769.9,48.7,224.5,609.4,638.4,276.6,144.1,562.2
Minnesota,Jan,2997.2,6.6,127.9,323.1,532.6,46.2,195.9,384.3,560.9,277.0,115.4,427.3
Minnesota,Feb,2996.3,6.6,127.8,323.1,530.3,46.0,196.1,384.1,563.7,276.7,115.4,426.5
Minnesota,Mar,2978.1,6.5,127.1,322.7,528.1,45.7,195.8,381.7,560.8,268.6,114.4,426.7
Minnesota,Apr,2580.0,6.4,117.4,301.6,464.6,42.1,191.7,346.8,505.1,129.3,78.0,397.0
Minnesota,May,2598.8,5.6,124.6,301.1,472.1,42.1,191.9,345.8,507.6,140.7,79.4,387.9
Minnesota,Jun,2669.9,5.3,123.3,303.0,486.2,41.7,191.6,346.9,513.0,174.1,92.9,391.9
Minnesota,Jul,2718.1,5.4,121.4,302.2,495.1,42.0,192.2,349.4,521.6,194.3,97.8,396.7
Minnesota,Aug,2751.6,6.2,122.2,304.5,501.0,41.9,192.6,352.3,527.4,199.7,99.3,404.5
Minnesota,Sep,2763.8,6.2,122.1,304.8,503.3,42.3,192.9,352.5,528.4,205.0,100.8,405.5
Minnesota,Oct,2785.3,6.2,123.2,306.3,503.9,41.6,192.8,353.7,535.4,212.9,102.9,406.4
Minnesota,Nov,2772.4,6.2,121.5,305.7,502.2,41.1,194.2,355.3,535.8,204.3,100.8,405.3
Minnesota,Dec,2719.6,6.3,122.8,306.3,502.8,40.1,194.8,355.9,533.1,160.9,97.0,399.6
Mississippi,Jan,1162.4,6.5,45.5,146.8,230.9,10.5,44.3,109.0,146.9,138.2,40.6,243.2
Mississippi,Feb,1163.2,6.5,45.1,146.8,230.8,10.5,44.2,110.1,146.9,139.0,40.6,242.7
Mississippi,Mar,1156.5,6.4,44.9,145.7,230.7,10.3,44.1,109.1,146.5,136.0,40.5,242.3
Mississippi,Apr,1012.0,6.0,41.7,123.0,212.3,9.4,43.0,96.5,132.2,84.2,34.1,229.6
Mississippi,May,1045.5,6.0,42.3,130.7,220.4,9.2,42.9,99.5,135.0,94.1,36.2,229.2
Mississippi,Jun,1080.8,5.8,42.4,136.6,224.8,9.2,42.6,103.6,136.7,109.1,37.5,232.5
Mississippi,Jul,1095.7,5.7,42.6,137.6,227.4,9.3,42.7,105.5,137.2,114.3,39.1,234.3
Mississippi,Aug,1104.9,5.7,44.0,139.2,229.1,9.3,42.7,107.4,137.3,114.7,39.5,236.0
Mississippi,Sep,1111.9,5.6,44.1,140.9,231.6,9.5,42.4,107.7,137.8,116.8,39.7,235.8
Mississippi,Oct,1120.0,5.6,44.9,140.9,232.0,9.5,42.4,108.1,139.1,121.2,40.2,236.1
Mississippi,Nov,1122.2,5.6,44.8,141.7,232.9,9.3,42.0,108.7,139.0,123.0,40.5,234.7
Mississippi,Dec,1125.9,5.6,44.9,142.0,233.0,9.4,42.4,108.9,139.0,123.8,40.3,236.6
Missouri,Jan,2929.9,4.4,129.1,277.0,542.3,47.7,176.4,386.1,498.4,312.1,117.4,439.0
Missouri,Feb,2926.6,4.4,129.1,276.5,541.4,47.5,176.5,384.2,498.3,312.5,117.3,438.9
Missouri,Mar,2912.4,4.5,128.3,276.1,539.7,47.4,176.4,383.6,497.1,303.2,116.7,439.4
Missouri,Apr,2569.4,4.4,119.6,251.4,486.3,43.9,172.1,347.3,460.8,166.2,95.5,421.9
Missouri,May,2623.1,4.4,123.6,254.0,501.5,43.6,172.3,351.9,466.0,199.0,102.2,404.6
Missouri,Jun,2689.6,4.3,124.3,262.2,520.3,43.6,172.7,354.4,469.7,226.9,106.4,404.8
Missouri,Jul,2751.8,4.3,124.9,262.2,525.6,43.6,173.2,357.0,472.6,249.1,109.3,430.0
Missouri,Aug,2766.0,4.3,125.3,266.2,527.7,43.8,173.7,360.2,474.4,248.1,109.9,432.4
Missouri,Sep,2775.2,4.3,125.4,267.0,531.5,44.5,174.6,360.0,476.0,254.9,110.9,426.1
Missouri,Oct,2779.2,4.3,125.2,264.3,534.3,44.1,174.5,363.9,478.0,253.6,111.8,425.2
Missouri,Nov,2790.0,4.3,125.2,267.0,539.0,44.3,175.0,365.0,481.7,254.5,111.6,422.4
Missouri,Dec,2799.2,4.3,125.5,268.4,543.7,44.2,176.0,368.4,482.9,253.5,110.9,421.4
Montana,Jan,489.1,7.1,30.6,21.2,94.4,6.1,26.6,44.4,80.0,67.7,19.1,91.9
Montana,Feb,488.0,7.0,30.7,21.1,94.5,6.1,26.6,44.4,79.9,67.6,19.1,91.0
Montana,Mar,487.6,7.0,31.0,21.1,94.1,6.0,26.6,44.4,79.7,67.3,18.9,91.5
Montana,Apr,425.8,6.8,29.2,19.0,85.5,5.8,25.8,40.8,72.3,36.8,15.7,88.1
Montana,May,449.2,6.8,30.0,20.0,89.2,5.7,26.0,41.8,75.5,50.6,17.1,86.5
Montana,Jun,460.5,6.8,30.4,20.2,91.0,5.6,26.1,42.4,76.5,55.4,17.8,88.3
Montana,Jul,464.8,6.7,30.5,20.3,91.8,5.6,26.0,42.9,77.2,57.8,18.1,87.9
Montana,Aug,468.5,6.5,30.8,20.5,92.4,5.7,26.2,43.1,78.0,58.4,18.3,88.6
Montana,Sep,474.1,6.6,31.1,20.5,93.0,5.7,26.3,43.9,78.2,60.4,18.4,90.0
Montana,Oct,474.4,6.4,30.9,20.3,93.4,5.6,26.5,44.0,78.7,61.5,18.5,88.6
Montana,Nov,475.6,6.5,30.4,20.3,93.5,5.6,26.6,44.8,79.0,62.0,18.5,88.4
Montana,Dec,476.4,6.5,31.0,20.5,94.2,5.5,26.3,45.0,78.9,61.8,18.5,88.2
Nebraska,Jan,1033.9,57.4,99.7,197.0,17.2,75.3,121.6,157.1,95.1,37.7,175.8,
Nebraska,Feb,1032.4,57.3,99.8,196.6,17.2,75.4,121.5,156.7,95.1,37.6,175.2,
Nebraska,Mar,1026.2,57.4,99.7,195.9,17.1,75.4,121.2,155.8,91.9,37.2,174.6,
Nebraska,Apr,937.0,55.4,94.9,182.7,16.1,74.2,113.5,145.9,55.1,31.6,167.6,
Nebraska,May,945.9,55.8,94.2,185.2,16.0,74.1,114.5,148.3,64.3,33.5,160.0,
Nebraska,Jun,964.8,55.6,96.2,188.7,15.9,74.2,114.8,150.8,72.4,34.9,161.3,
Nebraska,Jul,977.3,55.2,96.5,190.4,15.8,74.2,114.7,151.7,77.9,35.5,165.4,
Nebraska,Aug,985.9,54.9,97.1,191.1,15.9,74.3,115.7,152.3,80.0,36.1,168.5,
Nebraska,Sep,989.3,55.2,97.6,192.0,15.9,74.3,115.5,152.6,80.8,35.8,169.6,
Nebraska,Oct,993.8,55.4,98.0,192.6,15.9,74.5,117.3,154.2,82.9,35.7,167.3,
Nebraska,Nov,993.3,55.6,98.1,193.4,15.6,74.4,116.5,155.0,81.6,35.6,167.5,
Nebraska,Dec,998.3,56.9,99.0,195.9,15.7,74.6,117.5,155.3,79.5,35.8,168.1,
Nevada,Jan,1441.0,14.9,98.5,59.0,265.6,15.5,70.4,202.0,149.0,356.2,43.0,166.9
Nevada,Feb,1442.8,14.8,98.8,59.3,266.0,15.4,70.3,202.6,149.1,356.3,43.3,166.9
Nevada,Mar,1431.0,14.9,99.1,59.4,266.3,15.2,70.3,199.4,147.5,349.5,42.1,167.3
Nevada,Apr,1112.4,14.8,91.6,52.6,224.6,12.0,64.2,162.0,128.8,173.9,29.0,158.9
Nevada,May,1105.7,14.9,92.2,53.3,229.8,12.2,63.8,166.1,134.0,152.2,31.2,156.0
Nevada,Jun,1197.3,15.0,92.9,54.7,243.9,11.9,64.7,169.8,137.7,218.7,35.1,152.9
Nevada,Jul,1235.0,14.8,92.9,55.0,251.6,12.6,64.8,173.5,140.5,239.2,35.8,154.3
Nevada,Aug,1247.1,14.8,92.5,55.3,257.0,12.9,65.2,174.8,141.2,239.3,36.1,158.0
Nevada,Sep,1265.2,14.9,92.4,55.8,261.5,13.5,65.5,176.4,142.7,246.3,37.0,159.2
Nevada,Oct,1267.2,14.9,93.0,56.1,264.5,13.4,66.6,176.6,141.9,244.8,36.7,158.7
Nevada,Nov,1273.4,14.8,90.0,56.4,268.4,13.5,67.6,178.0,141.2,248.5,36.6,158.4
Nevada,Dec,1277.5,14.7,90.7,56.5,271.2,13.4,67.6,179.7,142.9,247.3,36.5,157.0
New Hampshire,Jan,687.2,1.0,28.6,70.8,140.0,12.4,34.2,84.7,126.2,73.6,25.6,90.1
New Hampshire,Feb,689.0,1.0,28.7,70.8,139.9,12.5,34.3,85.0,126.6,73.8,25.6,90.8
New Hampshire,Mar,681.9,1.0,28.8,70.8,140.0,12.5,34.4,84.9,123.9,71.4,24.9,89.3
New Hampshire,Apr,572.6,1.0,25.7,64.5,119.1,11.6,33.5,77.8,106.5,34.2,16.2,82.5
New Hampshire,May,589.8,1.0,26.8,65.2,124.1,11.5,33.4,78.7,108.7,39.4,18.2,82.8
New Hampshire,Jun,610.6,1.0,27.3,65.5,129.1,11.4,33.4,79.3,114.1,45.3,20.6,83.6
New Hampshire,Jul,624.3,0.9,27.5,65.5,132.3,11.4,33.6,79.8,115.3,51.0,21.7,85.3
New Hampshire,Aug,636.7,0.9,27.8,66.9,133.6,11.4,33.7,80.7,117.7,54.4,22.5,87.1
New Hampshire,Sep,646.0,1.0,28.1,67.3,134.9,11.8,34.0,81.6,116.8,61.5,23.2,85.8
New Hampshire,Oct,642.7,1.0,27.7,67.1,135.7,11.4,33.8,82.9,117.1,60.9,22.2,82.9
New Hampshire,Nov,644.8,1.0,27.7,66.5,135.6,11.4,33.8,83.8,118.6,61.5,22.1,82.8
New Hampshire,Dec,639.3,0.9,28.1,66.4,136.7,11.4,33.9,84.5,116.9,59.2,21.9,79.4
New Jersey,Jan,4227.1,1.5,162.9,251.0,889.1,71.1,252.0,691.2,729.2,398.7,174.8,605.6
New Jersey,Feb,4229.6,1.5,163.5,251.3,890.6,70.7,252.2,687.6,731.4,400.0,175.1,605.7
New Jersey,Mar,4197.2,1.4,163.4,249.8,889.7,70.5,251.6,687.0,723.8,386.2,168.9,604.9
New Jersey,Apr,3512.4,1.3,131.7,220.4,739.4,68.7,239.4,607.4,613.5,198.6,115.8,576.2
New Jersey,May,3519.2,1.4,140.0,226.5,751.9,67.7,238.4,612.8,613.8,182.4,115.7,568.6
New Jersey,Jun,3574.8,1.4,146.8,231.7,780.5,66.5,238.1,617.7,633.6,180.9,115.5,562.1
New Jersey,Jul,3704.4,1.4,149.0,233.9,823.6,67.3,239.1,631.3,643.4,232.9,131.8,550.7
New Jersey,Aug,3775.2,1.4,150.8,235.9,831.9,67.0,240.4,637.0,653.5,252.5,137.4,567.4
New Jersey,Sep,3860.5,1.4,152.5,237.0,840.1,67.6,241.2,640.5,661.7,283.7,143.8,591.0
New Jersey,Oct,3862.5,1.4,151.6,237.7,838.5,67.9,244.1,644.4,664.7,294.7,142.6,574.9
New Jersey,Nov,3871.0,1.4,150.7,238.5,851.2,67.3,245.3,645.3,665.3,294.7,142.3,569.0
New Jersey,Dec,3864.9,1.4,151.5,238.8,848.1,67.0,244.3,648.8,665.0,289.1,142.8,568.1
New Mexico,Jan,863.6,24.9,52.0,29.0,137.7,11.6,35.8,113.1,141.7,101.0,29.3,187.5
New Mexico,Feb,861.9,25.2,52.0,28.9,137.2,10.1,35.8,113.5,141.4,100.8,29.2,187.8
New Mexico,Mar,859.1,25.0,51.9,28.8,136.8,10.5,35.6,113.3,141.3,98.7,29.0,188.2
New Mexico,Apr,758.3,22.2,48.4,26.0,122.4,8.1,34.1,103.3,129.5,57.5,23.9,182.9
New Mexico,May,757.7,20.4,47.7,25.7,123.5,7.7,33.9,103.6,130.0,62.1,24.3,178.8
New Mexico,Jun,774.1,18.2,47.1,26.3,129.6,7.5,34.1,104.0,130.6,72.3,24.7,179.7
New Mexico,Jul,779.2,17.6,47.0,26.6,130.7,7.7,34.1,104.6,133.7,74.5,24.9,177.8
New Mexico,Aug,778.9,17.3,46.8,26.6,131.3,7.8,34.1,105.2,134.2,71.9,25.3,178.4
New Mexico,Sep,786.7,17.1,46.8,26.7,132.0,9.2,34.0,105.4,134.6,77.4,26.4,177.1
New Mexico,Oct,787.5,17.0,46.7,26.1,131.6,8.7,33.7,105.7,135.4,79.9,26.3,176.4
New Mexico,Nov,785.6,17.1,46.4,26.0,131.1,8.4,33.2,105.7,135.2,80.9,26.4,175.2
New Mexico,Dec,778.4,16.7,47.7,25.7,131.5,8.6,32.7,107.4,135.0,72.7,26.1,174.3
New York,Jan,9831.2,5.3,409.4,435.8,1549.0,293.1,733.9,1355.8,2161.5,965.5,416.9,1505.0
New York,Feb,9835.1,5.4,408.2,435.0,1550.1,293.3,734.6,1356.7,2166.0,966.6,416.7,1502.5
New York,Mar,9728.6,5.4,405.6,432.8,1540.7,293.2,732.7,1349.0,2151.5,911.2,405.0,1501.5
New York,Apr,7852.4,4.5,251.2,352.7,1168.4,259.9,701.8,1173.5,1867.2,368.5,267.2,1437.5
New York,May,8011.3,4.9,298.2,369.7,1200.3,256.2,700.0,1186.1,1886.5,410.5,277.4,1421.5
New York,Jun,8223.8,4.9,344.1,389.3,1261.5,254.3,693.1,1187.6,1926.6,446.2,297.4,1418.8
New York,Jul,8361.8,4.9,359.2,391.8,1331.3,254.2,694.1,1198.3,1952.8,510.1,320.2,1344.9
New York,Aug,8548.5,5.0,369.2,397.4,1355.6,255.0,699.4,1209.0,1981.2,551.8,333.1,1391.8
New York,Sep,8747.2,5.0,372.6,400.8,1372.3,257.5,703.9,1217.6,1998.5,605.5,338.6,1474.9
New York,Oct,8749.7,5.0,376.8,401.7,1383.7,261.7,699.8,1223.4,1991.2,618.4,339.4,1448.6
New York,Nov,8753.6,5.1,378.7,400.7,1378.8,262.2,701.0,1230.0,1996.7,620.7,336.8,1442.9
New York,Dec,8723.3,5.3,382.1,403.8,1383.0,261.9,701.9,1232.7,1994.2,593.6,335.6,1429.2
North Carolina,Jan,4623.5,5.7,234.7,475.5,858.2,76.1,256.5,655.0,633.3,521.8,169.1,737.6
North Carolina,Feb,4626.6,5.8,235.8,474.9,856.4,76.2,257.9,657.3,632.2,522.4,169.5,738.2
North Carolina,Mar,4600.0,5.8,235.0,473.3,855.5,76.4,257.9,653.0,630.2,506.7,168.2,738.0
North Carolina,Apr,4051.4,5.7,223.8,426.0,779.9,72.4,251.4,599.8,566.1,287.0,125.1,714.2
North Carolina,May,4124.4,5.7,225.6,432.7,800.9,72.1,253.2,610.2,575.9,319.1,134.0,695.0
North Carolina,Jun,4257.3,5.6,225.5,446.3,824.6,71.8,254.4,617.6,587.1,381.9,148.9,693.6
North Carolina,Jul,4310.6,5.6,225.4,444.6,834.1,71.7,255.2,625.3,591.0,396.5,151.5,709.7
North Carolina,Aug,4356.3,5.5,226.0,446.0,841.6,71.9,256.3,630.5,595.9,403.2,154.5,724.9
North Carolina,Sep,4382.8,5.6,226.7,449.5,850.8,72.2,257.4,636.0,597.2,420.3,155.2,711.9
North Carolina,Oct,4402.9,5.6,227.4,453.7,858.2,72.9,257.9,644.0,597.2,425.1,156.5,704.4
North Carolina,Nov,4414.3,5.6,230.8,453.1,855.7,73.5,258.4,648.3,599.6,432.1,156.4,700.8
North Carolina,Dec,4435.8,5.6,230.7,457.7,861.2,74.2,258.9,657.3,597.8,433.9,156.8,701.7
North Dakota,Jan,440.7,20.6,28.6,26.5,93.8,6.0,25.0,33.4,68.1,40.6,15.7,82.4
North Dakota,Feb,440.3,20.8,28.2,26.5,93.3,5.9,25.0,33.5,67.7,40.9,15.7,82.8
North Dakota,Mar,438.7,20.7,28.2,26.5,93.3,6.0,24.9,33.0,67.7,39.6,15.6,83.2
North Dakota,Apr,386.0,16.9,25.8,23.6,85.1,5.8,24.3,30.5,63.7,22.3,13.0,75.0
North Dakota,May,394.3,13.8,25.7,24.8,85.8,5.8,24.2,31.2,64.3,29.7,13.9,75.1
North Dakota,Jun,398.3,12.5,25.5,24.7,86.6,5.8,24.3,31.3,64.9,32.1,14.3,76.3
North Dakota,Jul,402.7,12.6,25.2,24.9,87.3,5.7,24.3,31.1,65.2,33.8,14.6,78.0
North Dakota,Aug,407.2,12.5,25.2,25.1,88.4,5.7,24.4,31.1,65.8,34.8,14.8,79.4
North Dakota,Sep,408.8,12.7,25.2,25.2,88.2,5.7,24.4,31.2,65.9,35.0,14.9,80.4
North Dakota,Oct,408.0,13.1,25.4,25.0,88.6,5.7,24.6,30.9,65.7,34.5,14.8,79.7
North Dakota,Nov,407.3,13.1,25.9,24.7,88.7,5.7,24.6,30.7,65.3,34.4,14.5,79.7
North Dakota,Dec,407.9,13.2,26.9,24.9,89.4,5.7,24.5,31.1,65.5,33.8,14.4,78.5
Ohio,Jan,5613.7,10.8,231.4,695.0,1036.4,68.9,308.2,732.0,947.6,574.1,213.9,795.4
Ohio,Feb,5609.9,10.6,232.0,694.0,1034.7,68.6,308.0,732.4,946.0,574.8,213.8,795.0
Ohio,Mar,5558.1,10.3,229.5,692.4,1032.7,68.4,307.7,727.2,941.8,554.3,205.8,788.0
Ohio,Apr,4721.4,9.6,195.1,583.7,907.5,61.7,297.4,646.0,829.4,296.4,142.9,751.7
Ohio,May,4893.5,9.4,208.2,602.9,959.4,61.6,298.0,660.6,848.4,343.7,162.7,738.6
Ohio,Jun,5130.8,9.1,212.6,645.8,994.0,61.6,298.8,673.9,876.6,433.2,179.6,745.6
Ohio,Jul,5193.2,8.7,215.0,647.2,1003.7,61.8,299.6,681.7,883.6,455.1,187.4,749.4
Ohio,Aug,5232.4,8.7,217.8,648.9,1009.3,62.1,300.2,689.5,887.5,461.4,189.5,757.5
Ohio,Sep,5267.2,8.7,220.1,655.0,1015.2,63.4,300.8,693.6,892.6,471.3,193.9,752.6
Ohio,Oct,5277.3,8.5,220.2,658.9,1019.5,62.7,302.4,693.1,895.7,473.1,194.5,748.7
Ohio,Nov,5292.3,9.0,221.0,658.8,1025.6,62.6,304.2,696.9,896.5,478.8,191.3,747.6
Ohio,Dec,5277.8,9.1,222.2,657.6,1028.4,62.6,306.1,696.2,890.9,470.3,191.5,742.9
Oklahoma,Jan,1704.7,39.3,82.8,139.6,306.3,19.8,78.6,196.3,242.8,175.5,68.5,355.2
Oklahoma,Feb,1701.7,38.5,81.8,138.8,306.4,19.8,78.5,196.2,243.1,175.4,68.3,354.9
Oklahoma,Mar,1692.3,37.8,81.4,138.2,306.5,19.7,78.2,194.9,242.4,171.2,68.4,353.6
Oklahoma,Apr,1535.1,34.2,78.3,129.6,281.2,18.4,76.2,177.2,223.7,115.0,56.0,345.3
Oklahoma,May,1566.7,31.8,79.8,128.6,292.4,18.1,76.0,178.4,229.7,138.7,59.8,333.4
Oklahoma,Jun,1600.2,30.5,79.0,128.6,299.7,18.0,76.0,179.6,233.1,152.5,62.4,340.8
Oklahoma,Jul,1603.0,27.0,77.2,127.8,300.4,17.4,75.6,178.8,233.0,154.3,66.1,345.4
Oklahoma,Aug,1607.7,26.6,76.3,129.1,301.6,17.4,75.3,179.8,235.2,155.4,65.6,345.4
Oklahoma,Sep,1609.7,26.2,75.7,128.7,302.6,17.8,75.2,180.2,235.4,155.9,65.2,346.8
Oklahoma,Oct,1612.5,25.2,77.3,128.5,301.7,17.8,76.5,180.1,237.5,159.9,65.1,342.9
Oklahoma,Nov,1613.3,25.0,78.2,127.8,302.5,17.7,76.8,180.2,236.1,161.8,64.9,342.3
Oklahoma,Dec,1614.1,24.8,77.5,129.5,302.6,17.5,77.4,182.4,232.9,161.1,65.9,342.5
Oregon,Jan,1969.3,6.7,111.7,196.4,360.9,34.6,105.3,256.8,314.9,215.7,65.4,300.4
Oregon,Feb,1973.0,6.7,113.3,195.8,361.7,35.3,105.7,257.4,315.4,216.3,65.4,300.0
Oregon,Mar,1958.4,6.7,111.8,195.1,360.9,34.6,104.7,255.2,314.1,211.0,64.2,299.8
Oregon,Apr,1687.5,6.6,100.3,180.1,323.1,31.8,98.9,231.8,275.2,105.4,48.2,285.9
Oregon,May,1704.5,6.4,103.7,180.2,328.2,31.9,99.2,232.6,278.9,117.7,49.8,275.7
Oregon,Jun,1756.8,6.5,104.9,181.4,340.6,31.7,99.7,233.8,288.4,141.5,54.3,273.6
Oregon,Jul,1795.1,6.4,106.7,182.6,346.8,32.3,100.4,237.9,292.9,151.9,56.3,280.9
Oregon,Aug,1811.4,6.6,107.2,181.5,349.4,32.7,100.9,238.1,296.2,156.0,56.9,286.2
Oregon,Sep,1817.9,6.4,107.1,182.5,350.7,33.0,101.3,238.6,295.1,159.1,57.5,286.6
Oregon,Oct,1820.3,6.4,109.9,182.9,356.3,32.3,100.3,242.2,292.9,162.5,57.9,276.6
Oregon,Nov,1825.7,6.4,109.7,184.1,356.9,32.1,100.8,243.8,293.5,165.2,57.9,275.3
Oregon,Dec,1798.2,6.6,109.6,184.4,356.6,32.0,101.3,246.8,291.9,136.8,57.7,274.5
Pennsylvania,Jan,6093.1,26.3,264.3,571.2,1128.7,89.9,333.0,812.9,1307.5,583.0,263.4,712.9
Pennsylvania,Feb,6092.6,26.1,264.6,570.8,1129.4,89.2,333.4,812.8,1308.6,584.2,264.3,709.2
Pennsylvania,Mar,6047.7,25.6,263.4,568.8,1126.7,88.5,333.4,811.4,1304.3,560.0,259.6,706.0
Pennsylvania,Apr,4962.9,23.5,162.8,491.9,925.6,80.0,321.0,716.0,1150.7,244.7,166.2,680.5
Pennsylvania,May,5155.0,22.9,222.7,513.4,972.4,79.5,321.0,729.6,1172.3,272.5,178.0,670.7
Pennsylvania,Jun,5371.5,22.5,236.8,528.7,1030.6,79.2,321.6,738.0,1212.5,332.3,197.2,672.1
Pennsylvania,Jul,5509.6,22.2,239.5,529.0,1058.0,80.1,322.8,746.9,1224.2,389.3,217.8,679.8
Pennsylvania,Aug,5551.9,22.0,244.0,530.3,1063.8,80.2,323.5,749.3,1232.2,399.8,220.5,686.3
Pennsylvania,Sep,5602.7,22.1,246.0,534.3,1075.1,81.9,324.3,752.6,1228.0,427.8,226.8,683.8
Pennsylvania,Oct,5626.1,21.1,247.1,536.6,1078.6,81.6,322.7,752.2,1242.2,437.9,230.0,676.1
Pennsylvania,Nov,5637.8,21.0,251.0,537.2,1086.5,80.9,323.6,753.6,1239.8,443.8,228.1,672.3
Pennsylvania,Dec,5602.4,20.8,251.4,538.7,1093.2,80.4,323.7,758.1,1223.8,415.3,226.7,670.3
Puerto Rico,Jan,881.9,28.3,75.4,173.1,18.7,45.0,123.9,119.7,80.9,18.1,198.8,
Puerto Rico,Feb,883.5,28.5,75.7,173.5,18.6,45.1,124.6,119.6,80.8,18.1,199.0,
Puerto Rico,Mar,887.3,28.4,76.0,172.9,18.7,45.2,124.4,119.1,80.5,18.0,204.1,
Puerto Rico,Apr,766.8,21.0,67.2,141.2,15.1,42.4,108.8,106.2,50.4,13.4,201.1,
Puerto Rico,May,772.4,23.1,70.8,145.0,15.0,42.4,109.7,106.0,53.0,14.1,193.3,
Puerto Rico,Jun,798.2,25.3,72.7,156.4,14.6,42.8,112.3,106.9,60.2,15.0,192.0,
Puerto Rico,Jul,822.4,26.5,73.9,163.4,14.2,43.4,117.6,109.7,65.2,16.0,192.5,
Puerto Rico,Aug,830.7,26.4,74.4,164.3,14.2,43.6,118.2,109.3,64.1,16.1,200.1,
Puerto Rico,Sep,837.9,27.6,75.7,166.4,13.9,43.7,119.1,107.9,66.8,16.1,200.7,
Puerto Rico,Oct,838.4,29.1,76.1,167.8,14.7,42.7,118.5,108.5,68.8,16.1,196.1,
Puerto Rico,Nov,840.1,28.8,76.2,167.5,14.5,42.7,118.1,108.5,69.6,16.2,198.0,
Puerto Rico,Dec,837.3,28.0,76.3,167.9,14.7,42.8,117.0,108.7,70.5,16.0,195.4,
Rhode Island,Jan,505.8,0.2,20.2,39.7,77.3,5.8,35.6,68.9,109.5,60.3,22.9,65.4
Rhode Island,Feb,507.2,0.2,20.3,39.8,77.1,5.8,35.7,68.6,110.4,60.8,23.0,65.5
Rhode Island,Mar,502.0,0.2,20.2,39.6,77.0,5.7,35.4,68.3,109.6,58.2,22.7,65.1
Rhode Island,Apr,399.2,0.2,16.1,33.2,60.1,5.0,33.8,59.2,89.8,23.4,15.3,63.1
Rhode Island,May,414.3,0.2,17.5,35.3,62.1,5.0,33.7,61.3,92.4,28.0,16.0,62.8
Rhode Island,Jun,436.0,0.2,18.2,36.3,67.3,4.9,33.9,62.8,96.6,36.0,17.7,62.1
Rhode Island,Jul,446.8,0.2,18.5,36.7,69.7,5.1,34.0,63.6,97.5,40.7,18.4,62.4
Rhode Island,Aug,457.3,0.2,18.7,37.2,71.4,5.1,34.0,64.8,99.4,44.0,19.1,63.4
Rhode Island,Sep,462.6,0.2,19.1,37.5,72.1,5.1,34.2,65.4,100.2,46.6,19.8,62.4
Rhode Island,Oct,461.9,0.2,19.1,37.6,72.9,5.2,34.1,65.2,99.6,46.0,19.6,62.4
Rhode Island,Nov,463.6,0.2,19.5,37.9,73.0,5.2,34.2,65.8,99.7,46.1,19.8,62.2
Rhode Island,Dec,457.8,0.2,19.7,37.7,73.2,5.0,34.3,65.2,98.5,43.4,19.2,61.4
South Carolina,Jan,2198.7,4.4,106.7,257.5,411.2,26.0,106.9,294.3,260.9,273.4,80.2,377.2
South Carolina,Feb,2196.4,4.4,106.6,257.0,410.5,25.8,107.1,292.6,261.1,273.4,80.2,377.7
South Carolina,Mar,2184.3,4.4,106.6,256.5,410.2,25.9,107.2,290.8,260.6,264.8,79.6,377.7
South Carolina,Apr,1888.6,4.3,101.3,224.6,371.9,23.7,103.5,255.6,231.3,147.7,62.3,362.4
South Carolina,May,1957.1,4.4,101.9,229.2,383.2,24.0,104.1,262.7,238.9,182.5,67.3,358.9
South Carolina,Jun,2022.9,4.4,102.1,240.6,394.5,24.0,104.8,270.9,243.5,210.3,73.2,354.6
South Carolina,Jul,2041.4,4.4,102.2,239.7,396.8,24.1,105.4,276.8,247.2,217.3,72.8,354.7
South Carolina,Aug,2069.3,4.4,102.4,242.2,401.1,24.3,105.6,281.2,247.4,219.3,73.2,368.2
South Carolina,Sep,2080.7,4.4,102.3,244.0,404.7,24.8,105.6,283.1,247.9,224.6,73.3,366.0
South Carolina,Oct,2092.0,4.4,102.6,245.5,402.4,24.7,105.8,285.0,249.8,233.1,73.0,365.7
South Carolina,Nov,2104.4,4.4,103.9,246.1,407.0,24.6,106.1,285.3,250.5,238.0,74.0,364.5
South Carolina,Dec,2117.3,4.4,105.5,247.6,408.3,24.9,106.3,287.4,251.6,241.5,73.9,365.9
South Dakota,Jan,442.2,25.0,44.5,86.0,5.5,28.8,33.5,74.3,47.9,17.0,79.7,
South Dakota,Feb,442.8,24.9,44.5,86.0,5.5,28.8,33.5,74.6,47.9,17.0,80.1,
South Dakota,Mar,440.5,24.9,44.4,86.0,5.4,28.7,33.6,74.3,46.2,17.0,80.0,
South Dakota,Apr,398.4,25.1,42.6,78.5,5.0,28.1,31.9,70.3,27.7,15.3,73.9,
South Dakota,May,404.3,25.4,42.6,79.8,5.0,28.1,32.2,70.6,33.5,15.9,71.2,
South Dakota,Jun,413.2,25.1,42.2,82.0,4.9,28.1,32.2,72.0,37.3,16.1,73.3,
South Dakota,Jul,419.1,25.6,42.3,83.1,5.0,28.1,32.1,72.8,40.2,16.4,73.5,
South Dakota,Aug,424.8,25.7,42.5,83.8,4.9,28.2,32.2,73.2,40.8,16.6,76.9,
South Dakota,Sep,429.2,25.6,42.6,84.5,4.9,28.1,32.4,73.8,42.1,16.9,78.3,
South Dakota,Oct,430.3,25.3,43.2,85.2,4.9,28.5,32.6,73.6,41.4,16.9,78.7,
South Dakota,Nov,429.6,24.8,43.4,85.7,4.8,28.4,32.5,73.6,41.5,17.0,77.9,
South Dakota,Dec,431.6,25.0,43.6,86.4,4.8,28.6,32.5,74.2,41.7,17.3,77.5,
Tennessee,Jan,3151.2,136.7,354.5,641.7,45.7,174.7,433.7,448.2,351.2,124.2,440.6,
Tennessee,Feb,3153.7,136.7,354.2,641.9,45.9,174.8,434.1,447.7,351.8,124.7,441.9,
Tennessee,Mar,3139.2,136.0,353.8,640.9,45.8,174.8,431.4,447.0,343.1,123.7,442.7,
Tennessee,Apr,2773.9,130.1,294.7,588.2,41.5,168.8,387.2,413.9,217.1,105.5,426.9,
Tennessee,May,2834.2,132.2,299.7,603.9,41.7,168.5,391.3,421.0,246.2,109.0,420.7,
Tennessee,Jun,2935.6,131.7,326.5,618.0,41.1,169.4,398.4,426.4,270.6,113.0,440.5,
Tennessee,Jul,2946.2,131.9,335.4,621.3,41.8,169.4,405.3,426.7,279.4,114.6,420.4,
Tennessee,Aug,2973.2,132.6,334.9,627.1,42.1,169.5,409.5,429.8,279.2,115.9,432.6,
Tennessee,Sep,2997.6,132.9,338.2,631.9,43.3,170.4,411.4,431.5,287.8,116.6,433.6,
Tennessee,Oct,3018.5,132.6,342.1,635.3,43.3,170.4,423.5,429.5,291.6,118.5,431.7,
Tennessee,Nov,3021.1,133.4,342.8,636.3,43.3,170.2,423.8,430.2,292.9,119.0,429.2,
Tennessee,Dec,3030.5,133.2,343.9,640.4,43.2,170.9,427.7,429.4,294.6,119.1,428.1,
Texas,Jan,12956.2,234.4,778.5,911.6,2537.0,212.3,816.3,1826.6,1772.7,1415.1,452.3,1999.4
Texas,Feb,12970.0,234.9,780.7,910.2,2534.7,211.6,818.2,1833.7,1775.8,1416.4,453.8,2000.0
Texas,Mar,12906.0,233.4,779.9,907.9,2534.0,210.3,818.1,1824.7,1772.2,1377.9,446.4,2001.2
Texas,Apr,11517.4,208.6,721.0,855.2,2327.6,191.5,793.4,1677.8,1599.0,854.2,339.8,1949.3
Texas,May,11756.7,188.4,727.7,856.8,2380.1,191.1,795.7,1695.6,1648.0,1001.7,355.6,1916.0
Texas,Jun,11970.1,177.0,726.7,859.7,2435.6,191.0,796.6,1704.5,1676.4,1106.9,378.3,1917.4
Texas,Jul,11993.5,172.2,718.1,850.3,2443.3,191.3,796.0,1719.8,1676.7,1094.8,382.1,1948.9
Texas,Aug,12079.3,170.2,717.5,850.9,2459.4,192.0,798.1,1733.6,1676.1,1112.9,385.7,1982.9
Texas,Sep,12145.8,169.5,716.3,852.1,2477.5,196.8,800.4,1739.2,1677.2,1150.7,388.6,1977.5
Texas,Oct,12248.6,172.0,719.9,855.6,2493.7,196.3,804.0,1773.0,1694.4,1184.5,392.9,1962.3
Texas,Nov,12299.5,173.2,723.8,855.4,2504.7,195.4,811.3,1779.1,1696.4,1203.3,396.8,1960.1
Texas,Dec,12365.2,175.1,725.8,858.2,2514.7,198.2,807.0,1807.8,1703.0,1214.5,399.8,1961.1
Utah,Jan,1570.9,9.2,113.5,137.1,290.6,40.0,92.6,225.2,212.5,155.7,41.8,252.7
Utah,Feb,1572.2,9.2,114.2,137.2,290.2,40.0,93.1,225.7,212.6,156.1,41.6,252.3
Utah,Mar,1568.7,9.3,114.2,137.2,289.7,40.2,93.3,225.4,212.1,152.4,41.5,253.4
Utah,Apr,1432.2,9.0,112.3,133.3,268.3,36.8,91.7,217.2,194.7,92.6,34.4,241.9
Utah,May,1477.3,8.7,115.5,131.8,278.3,37.0,92.3,221.8,203.4,113.2,38.0,237.3
Utah,Jun,1502.7,8.5,115.2,134.2,284.5,37.4,92.7,222.9,206.1,124.5,38.7,238.0
Utah,Jul,1522.5,8.4,115.3,134.6,289.5,37.5,92.8,224.3,207.7,128.2,39.2,245.0
Utah,Aug,1538.9,8.4,115.8,135.1,292.5,37.7,93.2,225.7,209.0,131.1,39.6,250.8
Utah,Sep,1538.8,8.4,116.2,135.3,295.1,38.0,93.6,226.7,206.6,133.6,40.3,245.0
Utah,Oct,1546.6,8.3,116.1,137.1,296.2,38.3,93.8,228.1,206.1,139.9,40.2,242.5
Utah,Nov,1559.6,8.3,117.6,138.9,298.8,38.1,95.0,230.1,207.9,142.5,40.6,241.8
Utah,Dec,1565.1,8.2,118.5,140.1,298.7,37.8,96.3,233.9,207.0,141.1,40.7,242.8
Vermont,Jan,314.8,0.9,15.5,30.0,53.8,4.3,12.3,29.9,65.7,36.5,10.2,55.7
Vermont,Feb,314.5,0.8,15.3,29.9,53.8,4.3,12.3,30.0,65.5,36.4,10.2,56.0
Vermont,Mar,312.4,0.8,15.3,29.8,53.4,4.2,12.3,29.8,65.3,35.6,10.1,55.8
Vermont,Apr,251.0,0.6,9.5,24.8,43.2,3.8,11.7,26.6,55.9,14.8,8.0,52.1
Vermont,May,266.5,0.8,13.3,26.9,46.3,3.8,11.8,27.4,58.4,18.4,8.2,51.2
Vermont,Jun,272.8,0.8,13.9,27.3,48.3,3.8,11.8,27.3,59.0,20.1,8.7,51.8
Vermont,Jul,277.2,0.8,14.2,27.6,48.8,3.8,11.7,27.7,58.4,22.3,8.9,53.0
Vermont,Aug,281.7,0.7,14.3,27.8,49.9,3.9,11.8,27.8,59.4,23.9,9.2,53.0
Vermont,Sep,287.8,0.8,14.6,28.1,50.4,3.9,11.8,28.2,63.3,25.1,9.3,52.3
Vermont,Oct,286.7,0.7,14.4,28.2,50.4,3.9,12.0,29.0,61.8,26.2,9.3,50.8
Vermont,Nov,287.1,0.8,14.1,28.5,50.7,3.9,12.0,29.6,62.0,25.4,9.4,50.7
Vermont,Dec,286.1,0.7,14.5,28.7,51.1,3.9,11.8,29.6,62.1,23.9,9.1,50.7
Virginia,Jan,4089.1,7.7,207.5,243.3,660.2,68.1,214.5,776.1,556.4,421.4,196.8,737.1
Virginia,Feb,4091.0,7.6,207.8,243.5,659.9,68.5,214.3,776.4,557.9,421.6,196.3,737.2
Virginia,Mar,4069.6,7.6,207.2,242.8,658.5,68.7,214.1,775.6,554.6,407.1,194.4,739.0
Virginia,Apr,3611.0,6.8,196.4,224.9,589.1,64.0,208.3,739.4,493.0,216.8,159.0,713.3
Virginia,May,3633.2,6.9,197.7,222.6,596.3,63.8,207.6,742.8,503.2,228.7,164.1,699.5
Virginia,Jun,3703.8,6.8,198.5,227.1,618.8,63.8,206.8,742.6,512.0,263.2,171.4,692.8
Virginia,Jul,3758.7,6.8,198.6,229.8,630.4,63.7,207.6,747.1,516.8,296.2,175.9,685.8
Virginia,Aug,3830.7,6.9,200.0,231.6,636.8,64.2,208.3,752.5,521.9,310.4,178.7,719.4
Virginia,Sep,3856.0,6.8,201.2,233.0,643.0,65.9,208.9,757.2,524.7,325.6,180.4,709.3
Virginia,Oct,3878.2,6.9,203.4,234.6,648.7,65.8,207.3,759.3,529.4,332.6,180.1,710.1
Virginia,Nov,3888.1,6.9,205.3,234.1,649.2,64.2,208.1,766.2,530.0,337.0,179.8,707.3
Virginia,Dec,3881.1,6.9,207.1,235.9,649.7,64.5,208.4,766.1,528.5,335.6,179.6,698.8
Virgin Island,Jan,0.8,7.1,0.6,1.9,3.7,2.3,6.1,1.6,10.6,,,
Virgin Island,Feb,0.8,7.1,0.6,2.0,3.6,2.4,6.2,1.8,10.7,,,
Virgin Island,Mar,0.8,7.0,0.6,1.9,3.6,2.4,6.2,1.8,10.9,,,
Virgin Island,Apr,0.8,5.7,0.5,1.8,3.5,2.1,3.6,1.4,11.0,,,
Virgin Island,May,0.8,5.9,0.5,1.8,3.5,2.1,3.7,1.5,11.1,,,
Virgin Island,Jun,0.8,6.0,0.5,1.8,3.5,2.2,4.3,1.5,10.7,,,
Virgin Island,Jul,0.8,6.2,0.5,1.8,3.5,2.1,4.8,1.5,11.1,,,
Virgin Island,Aug,0.8,6.3,0.5,1.8,3.4,2.1,4.9,1.5,10.9,,,
Virgin Island,Sep,0.8,6.2,0.5,1.7,3.4,2.1,4.3,1.5,10.9,,,
Virgin Island,Oct,0.8,6.3,0.5,1.8,3.4,2.1,4.2,1.5,11.2,,,
Virgin Island,Nov,0.8,6.4,0.5,1.8,3.4,2.1,4.4,1.5,11.1,,,
Virgin Island,Dec,0.8,6.4,0.5,1.8,3.4,2.1,4.4,1.4,10.4,,,
Washington,Jan,3502.7,5.7,219.3,292.7,650.6,149.0,162.6,442.2,507.0,349.7,132.2,591.7
Washington,Feb,3513.1,5.6,223.2,293.1,651.9,149.5,162.9,444.2,507.3,350.0,132.8,592.6
Washington,Mar,3497.6,5.7,223.3,290.1,651.3,150.0,162.8,442.8,506.8,339.4,132.2,593.2
Washington,Apr,3101.2,5.3,184.7,270.3,588.8,147.4,156.2,410.1,461.7,207.0,109.0,560.7
Washington,May,3098.2,5.5,201.9,267.8,590.5,148.1,155.3,409.3,463.8,209.1,107.4,539.5
Washington,Jun,3180.6,5.5,208.8,271.3,613.1,147.2,155.5,413.2,480.3,228.9,112.3,544.5
Washington,Jul,3212.1,5.4,211.8,266.4,621.7,146.8,155.8,413.6,485.6,237.2,113.7,554.1
Washington,Aug,3245.8,5.5,214.0,263.6,628.3,147.6,156.4,414.8,485.8,241.9,115.0,572.9
Washington,Sep,3259.6,5.5,216.0,262.5,633.7,149.7,157.2,417.3,491.4,249.5,116.3,560.5
Washington,Oct,3260.2,5.5,219.5,262.0,637.7,150.5,157.1,423.2,494.9,254.8,116.0,539.0
Washington,Nov,3272.2,5.5,220.3,261.7,639.2,150.7,157.7,429.3,496.2,255.5,116.9,539.2
Washington,Dec,3266.8,5.4,222.2,261.2,643.8,151.6,158.5,438.1,495.2,231.4,116.5,542.9
West Virginia,Jan,720.6,20.5,33.2,46.8,126.5,8.0,29.8,68.7,132.4,74.8,24.0,155.9
West Virginia,Feb,718.7,19.9,33.4,46.9,125.6,7.9,29.9,68.9,133.0,75.1,23.8,154.3
West Virginia,Mar,714.1,19.6,33.2,46.6,124.8,7.9,29.8,68.7,132.7,72.6,23.6,154.6
West Virginia,Apr,617.7,17.3,26.5,43.2,110.8,7.1,28.7,62.8,120.5,38.8,18.3,143.7
West Virginia,May,630.5,17.3,27.9,42.9,114.6,7.0,28.8,63.8,122.2,44.6,19.9,141.5
West Virginia,Jun,665.2,17.4,28.4,43.5,119.8,7.1,29.0,64.3,125.1,56.5,20.9,153.2
West Virginia,Jul,664.2,16.4,28.0,43.6,120.5,7.1,29.0,63.8,128.0,61.1,21.3,145.4
West Virginia,Aug,665.9,16.5,27.7,43.8,120.9,6.9,29.1,64.2,127.7,61.0,21.4,146.7
West Virginia,Sep,670.8,18.3,27.7,43.8,121.3,7.2,29.2,64.3,127.8,62.8,21.4,147.0
West Virginia,Oct,673.0,18.2,30.3,44.3,121.2,7.2,29.2,65.3,127.1,62.4,21.5,146.3
West Virginia,Nov,675.1,18.1,30.1,44.4,120.6,7.2,29.5,65.4,127.7,64.1,21.3,146.7
West Virginia,Dec,671.9,17.6,30.6,44.5,120.3,7.2,29.3,65.7,127.6,62.2,21.5,145.4
Wisconsin,Jan,2995.1,4.0,126.7,479.6,536.3,47.0,154.8,327.3,468.2,288.3,153.4,409.5
Wisconsin,Feb,2997.8,3.9,126.9,479.1,535.9,47.1,154.9,324.9,469.4,288.1,153.6,414.0
Wisconsin,Mar,2978.8,3.8,126.7,478.2,535.6,47.2,155.0,321.5,467.3,279.4,152.4,411.7
Wisconsin,Apr,2590.0,3.6,117.3,439.4,473.8,43.9,150.6,292.2,425.9,142.1,125.1,376.1
Wisconsin,May,2641.7,3.5,121.5,444.8,488.8,43.9,150.9,294.6,430.6,166.3,131.8,365.0
Wisconsin,Jun,2728.1,3.2,121.5,449.6,512.5,44.1,150.9,298.2,439.3,205.1,141.0,362.7
Wisconsin,Jul,2779.3,3.2,122.1,449.6,518.9,44.0,151.7,302.6,448.9,217.4,143.0,377.9
Wisconsin,Aug,2813.6,3.2,122.9,451.2,522.2,44.2,152.0,305.4,451.2,223.1,143.6,394.6
Wisconsin,Sep,2826.5,3.3,122.6,456.0,525.9,44.8,152.0,307.1,451.3,229.9,144.2,389.4
Wisconsin,Oct,2821.3,3.3,126.5,457.7,523.5,44.4,151.7,312.8,448.1,226.3,145.9,381.1
Wisconsin,Nov,2816.6,3.4,126.6,462.1,519.9,44.2,150.7,313.4,446.4,224.3,145.8,379.8
Wisconsin,Dec,2831.1,3.5,126.7,467.1,525.8,44.4,150.9,316.5,448.3,224.0,145.7,378.2
Wyoming,Jan,289.6,19.7,23.2,10.0,51.8,3.3,11.2,19.2,28.9,37.7,16.3,68.3
Wyoming,Feb,288.6,19.7,22.9,9.9,51.7,3.2,11.2,19.1,29.0,37.5,16.3,68.1
Wyoming,Mar,287.9,19.4,22.9,9.9,51.7,3.2,11.2,19.0,28.7,37.2,16.3,68.4
Wyoming,Apr,262.8,18.1,20.8,9.5,48.7,2.9,10.8,17.9,27.2,24.9,15.3,66.7
Wyoming,May,262.1,16.4,21.0,9.5,49.3,2.9,10.8,17.9,27.7,26.2,15.5,64.9
Wyoming,Jun,263.8,15.6,20.8,9.4,49.7,3.0,10.7,17.9,27.9,28.4,15.6,64.8
Wyoming,Jul,265.6,15.1,20.7,9.4,49.6,2.9,10.8,17.7,28.1,30.0,15.6,65.7
Wyoming,Aug,268.5,14.9,20.7,9.3,49.9,3.0,10.8,17.7,28.4,31.3,15.7,66.8
Wyoming,Sep,270.4,14.6,20.8,9.5,50.3,2.9,10.8,18.0,28.4,32.5,15.8,66.8
Wyoming,Oct,272.5,14.4,20.4,9.3,50.6,2.7,11.0,18.3,28.6,35.2,15.6,66.4
Wyoming,Nov,273.2,14.4,20.3,9.3,50.8,2.7,10.5,18.5,28.7,36.2,15.6,66.2
Wyoming,Dec,273.7,14.3,20.7,9.2,50.8,2.8,11.0,18.6,28.7,35.8,15.8,66.0
